timestep,reward
1,-0.2654
136,-0.6396
271,-0.6076
402,-0.5777
537,-0.5691
681,-0.4811
824,-0.4269
958,-0.3435
1093,-0.2652
1221,-0.1776
1350,-0.1549
1487,-0.1557
1614,-0.1797
1756,-0.1626
1891,-0.1614
2029,-0.1708
2165,-0.1742
2291,-0.1402
2424,-0.1574
2567,-0.1375
2698,-0.1266
2841,-0.1149
2977,-0.1185
3108,-0.1362
3242,-0.1073
3376,-0.0956
3519,-0.0767
3659,-0.1033
3795,-0.1028
3935,-0.0822
4075,-0.0914
4208,-0.0761
4347,-0.0878
4486,-0.0974
4618,-0.0929
4757,-0.0826
4890,-0.0622
5034,-0.0858
5180,-0.0883
5315,-0.096
5452,-0.0764
5582,-0.08
5712,-0.0691
5846,-0.0724
5982,-0.0835
6122,-0.0696
6261,-0.0741
6393,-0.0855
6526,-0.0616
6669,-0.0828
6799,-0.0707
6921,-0.0701
7060,-0.0886
7194,-0.0732
7334,-0.0805
7461,-0.0858
7609,-0.0715
7745,-0.0683
7880,-0.0733
8028,-0.0804
8168,-0.0826
8304,-0.0647
8446,-0.0699
8584,-0.071
8723,-0.0931
8874,-0.0778
9022,-0.076
9157,-0.0803
9289,-0.0898
9419,-0.0904
9555,-0.0711
9692,-0.0781
9825,-0.0714
9959,-0.0517
10100,-0.0821
10243,-0.0733
10394,-0.0818
10534,-0.0446
10673,-0.0858
10816,-0.0749
10967,-0.0815
11101,-0.0787
11232,-0.0802
11373,-0.0774
11528,-0.0655
11670,-0.0764
11804,-0.0779
11937,-0.0687
12077,-0.0657
12220,-0.0605
12352,-0.0602
12500,-0.0892
12645,-0.0614
12775,-0.0776
12908,-0.0614
13057,-0.0613
13196,-0.0808
13337,-0.0661
13486,-0.0793
13633,-0.069
13769,-0.0731
13916,-0.0737
14051,-0.0724
14183,-0.0612
14328,-0.0803
14476,-0.0601
14626,-0.0748
14758,-0.0645
14892,-0.072
15038,-0.0728
15179,-0.0736
15329,-0.0633
15476,-0.0667
15622,-0.0807
15774,-0.0678
15922,-0.0761
16068,-0.0533
16203,-0.079
16339,-0.0668
16480,-0.0622
16610,-0.0589
16751,-0.0659
16893,-0.0647
17036,-0.0817
17179,-0.0632
17319,-0.0784
17448,-0.0704
17592,-0.0718
17733,-0.0682
17893,-0.0602
18024,-0.0809
18170,-0.0821
18310,-0.0745
18457,-0.0718
18599,-0.0476
18739,-0.0753
18889,-0.0722
19030,-0.0604
19173,-0.0778
19316,-0.0573
19460,-0.0659
19591,-0.0572
19727,-0.0683
19881,-0.063
20013,-0.0541
20154,-0.0518
20299,-0.0665
20447,-0.0572
20597,-0.0749
20733,-0.067
20872,-0.0781
21008,-0.0705
21144,-0.0721
21281,-0.0671
21426,-0.0895
21574,-0.0699
21715,-0.0803
21862,-0.0653
22013,-0.0767
22155,-0.0613
22295,-0.082
22442,-0.0642
22584,-0.0682
22727,-0.0693
22873,-0.0763
23017,-0.0546
23160,-0.06
23309,-0.0727
23461,-0.0677
23614,-0.068
23764,-0.0478
23903,-0.0651
24048,-0.0768
24195,-0.0723
24340,-0.0734
24480,-0.0639
24619,-0.0899
24759,-0.0451
24901,-0.0615
25045,-0.0713
25191,-0.058
25336,-0.0895
25477,-0.0576
25612,-0.0816
25766,-0.0567
25909,-0.078
26056,-0.0506
26200,-0.0803
26346,-0.0649
26491,-0.0639
26637,-0.0734
26791,-0.0709
26947,-0.0678
27092,-0.0713
27231,-0.0564
27378,-0.0577
27523,-0.0785
27674,-0.067
27818,-0.0636
27966,-0.0623
28114,-0.0744
28265,-0.0725
28405,-0.064
28555,-0.0649
28697,-0.0666
28843,-0.0639
28986,-0.0676
29141,-0.0593
29289,-0.0662
29441,-0.0739
29583,-0.0703
29737,-0.0901
29887,-0.0601
30027,-0.0738
30162,-0.081
30305,-0.0839
30457,-0.0554
30610,-0.0766
30753,-0.0621
30906,-0.069
31059,-0.0693
31214,-0.0648
31363,-0.0643
31512,-0.0626
31657,-0.0667
31800,-0.0851
31940,-0.0724
32084,-0.071
32228,-0.0823
32392,-0.0698
32543,-0.0728
32692,-0.0717
32831,-0.0884
32974,-0.055
33122,-0.0651
33278,-0.0665
33432,-0.0531
33588,-0.0769
33736,-0.0811
33875,-0.0816
34022,-0.0674
34165,-0.0718
34315,-0.068
34467,-0.0489
34615,-0.0633
34766,-0.0632
34918,-0.0556
35066,-0.0683
35224,-0.0638
35387,-0.0787
35535,-0.0765
35694,-0.0862
35849,-0.0554
35993,-0.0861
36139,-0.0794
36281,-0.0743
36435,-0.0752
36588,-0.0679
36749,-0.0707
36894,-0.0892
37051,-0.076
37202,-0.0572
37356,-0.065
37518,-0.0735
37680,-0.0739
37822,-0.0881
37971,-0.0733
38113,-0.0796
38263,-0.0677
38402,-0.0895
38549,-0.0985
38701,-0.0683
38845,-0.0761
38997,-0.0747
39159,-0.073
39302,-0.0721
39457,-0.0768
39613,-0.0781
39770,-0.0763
39926,-0.0921
40083,-0.0832
40245,-0.0675
40406,-0.0777
40559,-0.0686
40721,-0.0745
40882,-0.0824
41045,-0.0655
41197,-0.0687
41351,-0.0748
41506,-0.0855
41662,-0.0797
41810,-0.0575
41968,-0.0729
42120,-0.0637
42266,-0.0844
42419,-0.0694
42566,-0.0813
42708,-0.072
42872,-0.0697
43010,-0.0741
43167,-0.0737
43320,-0.0656
43479,-0.0714
43630,-0.0887
43770,-0.0723
43918,-0.0812
44063,-0.0848
44216,-0.0888
44363,-0.0821
44509,-0.0851
44652,-0.0641
44797,-0.0745
44947,-0.0651
45112,-0.0713
45265,-0.0678
45410,-0.0867
45558,-0.0848
45713,-0.0803
45882,-0.0804
46027,-0.0565
46174,-0.0664
46318,-0.0619
46458,-0.0754
46616,-0.09
46781,-0.0765
46929,-0.0628
47078,-0.0853
47233,-0.0746
47381,-0.0594
47523,-0.0847
47671,-0.0556
47822,-0.0678
47963,-0.0762
48119,-0.0731
48273,-0.0661
48427,-0.082
48576,-0.0686
48735,-0.0543
48890,-0.0754
49044,-0.0797
49196,-0.0884
49346,-0.0547
49506,-0.082
49680,-0.0871
49828,-0.0655
49983,-0.0767
50125,-0.076
50284,-0.0664
50441,-0.0575
50589,-0.0728
50765,-0.0638
50933,-0.0644
51090,-0.0513
51252,-0.0703
51407,-0.0912
51564,-0.0873
51716,-0.0687
51874,-0.0963
52029,-0.073
52180,-0.0852
52327,-0.0652
52483,-0.064
52642,-0.0755
52788,-0.0803
52947,-0.0785
53088,-0.0822
53243,-0.0796
53384,-0.0738
53545,-0.0673
53706,-0.0706
53866,-0.0696
54017,-0.0554
54167,-0.0736
54316,-0.0745
54490,-0.0811
54639,-0.0759
54802,-0.0872
54947,-0.0669
55099,-0.073
55258,-0.0824
55396,-0.0675
55550,-0.076
55712,-0.0755
55853,-0.0787
56018,-0.0746
56173,-0.0767
56327,-0.0931
56485,-0.0724
56648,-0.0893
56804,-0.0788
56950,-0.0614
57101,-0.0767
57258,-0.0624
57409,-0.072
57568,-0.0659
57728,-0.0597
57884,-0.0683
58037,-0.0727
58191,-0.0723
58351,-0.0851
58516,-0.0438
58668,-0.0771
58818,-0.0701
58962,-0.0629
59111,-0.0604
59270,-0.0748
59431,-0.065
59579,-0.0681
59729,-0.0825
59884,-0.0585
60055,-0.0638
60206,-0.0927
60357,-0.0752
60510,-0.0945
60667,-0.0657
60818,-0.067
60979,-0.0739
61145,-0.0704
61303,-0.0789
61459,-0.0634
61614,-0.0921
61782,-0.0864
61930,-0.0696
62087,-0.0812
62237,-0.0704
62407,-0.0487
62559,-0.0705
62713,-0.0852
62865,-0.0757
63015,-0.0697
63161,-0.0658
63314,-0.0586
63467,-0.082
63619,-0.0831
63776,-0.0776
63945,-0.0663
64090,-0.0749
64246,-0.0726
64399,-0.0669
64560,-0.0573
64730,-0.0796
64885,-0.0585
65031,-0.0743
65187,-0.0517
65341,-0.0654
65483,-0.0822
65637,-0.0752
65798,-0.0646
65949,-0.0634
66104,-0.0697
66249,-0.0833
66406,-0.0708
66551,-0.0715
66690,-0.0793
66842,-0.0683
66997,-0.051
67155,-0.0591
67318,-0.0677
67468,-0.0591
67632,-0.0802
67777,-0.0637
67927,-0.0686
68088,-0.064
68248,-0.0664
68405,-0.0798
68548,-0.0632
68704,-0.085
68867,-0.0508
69036,-0.07
69185,-0.0636
69344,-0.0816
69491,-0.0773
69649,-0.0603
69807,-0.0609
69958,-0.0723
70117,-0.0486
70272,-0.0454
70420,-0.066
70587,-0.0653
70741,-0.0653
70896,-0.0624
71045,-0.0781
71193,-0.0633
71352,-0.0643
71509,-0.0564
71666,-0.0625
71818,-0.0659
71975,-0.0644
72127,-0.0632
72283,-0.0756
72433,-0.0675
72589,-0.0617
72738,-0.0696
72902,-0.063
73040,-0.0676
73206,-0.0819
73359,-0.0626
73501,-0.0631
73656,-0.054
73799,-0.069
73960,-0.0658
74119,-0.0604
74257,-0.0621
74419,-0.061
74580,-0.0575
74725,-0.063
74873,-0.0665
75020,-0.0601
75181,-0.0648
75332,-0.0626
75484,-0.0681
75641,-0.0653
75801,-0.0577
75949,-0.0683
76114,-0.0785
76264,-0.0616
76409,-0.0531
76560,-0.0635
76725,-0.0502
76880,-0.0693
77034,-0.0692
77193,-0.0652
77340,-0.072
77491,-0.054
77642,-0.0802
77784,-0.0654
77941,-0.0619
78091,-0.0532
78245,-0.062
78396,-0.0691
78536,-0.067
78683,-0.0643
78834,-0.0614
78980,-0.0662
79132,-0.0511
79285,-0.0767
79438,-0.0664
79605,-0.0564
79767,-0.0541
79914,-0.0732
80053,-0.068
80221,-0.0395
80371,-0.0668
80515,-0.0555
80670,-0.0628
80827,-0.0708
80981,-0.0555
81121,-0.0535
81273,-0.053
81428,-0.0512
81569,-0.0692
81705,-0.0794
81859,-0.0604
82011,-0.0605
82156,-0.0651
82333,-0.0746
82474,-0.0606
82628,-0.0605
82779,-0.0684
82930,-0.0558
83080,-0.0823
83226,-0.0685
83387,-0.0661
83550,-0.0632
83715,-0.0551
83870,-0.06
84022,-0.0655
84166,-0.0605
84308,-0.0545
84457,-0.0665
84612,-0.0646
84770,-0.0648
84929,-0.0733
85085,-0.0645
85246,-0.057
85407,-0.0593
85565,-0.0631
85716,-0.0709
85868,-0.05
86010,-0.0674
86162,-0.0606
86308,-0.0729
86454,-0.0484
86611,-0.069
86762,-0.0657
86917,-0.0575
87085,-0.0733
87231,-0.0667
87383,-0.0698
87521,-0.0553
87680,-0.0635
87831,-0.0682
87982,-0.0755
88132,-0.0525
88292,-0.063
88437,-0.0523
88589,-0.0633
88739,-0.0542
88886,-0.0616
89042,-0.0595
89203,-0.0589
89359,-0.0697
89508,-0.068
89669,-0.0612
89827,-0.0708
89983,-0.0544
90124,-0.0719
90269,-0.0544
90415,-0.0675
90571,-0.0648
90724,-0.0543
90864,-0.0445
91007,-0.0712
91147,-0.0592
91296,-0.0536
91438,-0.0658
91584,-0.0551
91738,-0.0479
91892,-0.0732
92052,-0.0757
92208,-0.0754
92361,-0.0732
92517,-0.0641
92672,-0.0865
92826,-0.0594
92969,-0.0713
93130,-0.0764
93286,-0.071
93444,-0.0637
93614,-0.0663
93773,-0.064
93912,-0.0715
94069,-0.0749
94220,-0.0786
94375,-0.0659
94529,-0.0793
94678,-0.0621
94832,-0.0724
94982,-0.0655
95131,-0.0658
95285,-0.0586
95442,-0.0653
95594,-0.0503
95751,-0.0725
95908,-0.0581
96067,-0.0792
96208,-0.0532
96343,-0.0599
96494,-0.0764
96642,-0.0735
96793,-0.0739
96942,-0.0627
97105,-0.0568
97241,-0.0672
97389,-0.0591
97531,-0.0588
97682,-0.0787
97845,-0.0704
98000,-0.0743
98146,-0.0812
98297,-0.073
98447,-0.0617
98597,-0.0632
98737,-0.0876
98888,-0.0654
99047,-0.0556
99195,-0.0614
99348,-0.075
99502,-0.0537
99663,-0.0487
99830,-0.0694
99981,-0.059
100128,-0.0674
100290,-0.0569
100447,-0.055
100595,-0.0763
100736,-0.0626
100881,-0.0776
101036,-0.0658
101193,-0.0867
101347,-0.0657
101506,-0.0573
101654,-0.0587
101819,-0.0511
101969,-0.065
102118,-0.0773
102276,-0.0535
102430,-0.0493
102582,-0.0566
102728,-0.0567
102875,-0.067
103021,-0.0711
103178,-0.0582
103332,-0.0617
103472,-0.0672
103617,-0.054
103770,-0.0664
103909,-0.0534
104047,-0.0716
104192,-0.0565
104337,-0.0672
104506,-0.0729
104654,-0.0783
104800,-0.0741
104949,-0.0584
105111,-0.0741
105258,-0.065
105404,-0.0747
105564,-0.0681
105723,-0.0597
105888,-0.0781
106042,-0.0613
106195,-0.0743
106360,-0.062
106512,-0.0718
106662,-0.093
106829,-0.0749
106968,-0.0559
107136,-0.0618
107305,-0.0814
107446,-0.0656
107606,-0.0604
107750,-0.0594
107903,-0.0561
108060,-0.0676
108211,-0.0574
108361,-0.0609
108514,-0.0767
108673,-0.0658
108826,-0.0726
108984,-0.0698
109137,-0.0578
109293,-0.0795
109456,-0.0616
109614,-0.0615
109770,-0.0629
109925,-0.0616
110074,-0.069
110214,-0.065
110369,-0.0638
110520,-0.0754
110677,-0.0614
110819,-0.0706
110968,-0.0796
111121,-0.068
111279,-0.0691
111432,-0.0816
111584,-0.0611
111741,-0.0555
111901,-0.0672
112065,-0.0748
112221,-0.0536
112365,-0.0563
112525,-0.0785
112683,-0.0734
112834,-0.0602
112978,-0.0859
113130,-0.0681
113276,-0.0571
113424,-0.0365
113584,-0.0585
113734,-0.0684
113887,-0.0666
114044,-0.0536
114196,-0.0549
114358,-0.0621
114503,-0.0668
114658,-0.0685
114815,-0.0782
114956,-0.0805
115114,-0.0749
115259,-0.0628
115411,-0.0624
115561,-0.0834
115709,-0.0705
115865,-0.0626
116010,-0.0756
116163,-0.0802
116314,-0.0849
116468,-0.061
116608,-0.0773
116757,-0.0625
116908,-0.0617
117076,-0.0669
117233,-0.0757
117377,-0.0642
117523,-0.0606
117673,-0.0488
117826,-0.0828
117974,-0.0778
118121,-0.0721
118278,-0.0607
118430,-0.0668
118580,-0.0568
118751,-0.0714
118906,-0.0693
119062,-0.085
119224,-0.059
119371,-0.0473
119522,-0.0742
119670,-0.0727
119833,-0.0704
119987,-0.07
120137,-0.0611
120302,-0.0836
120453,-0.0542
120604,-0.0638
120755,-0.0664
120907,-0.0796
121060,-0.0927
121209,-0.0663
121348,-0.0767
121492,-0.0762
121642,-0.0803
121799,-0.0717
121963,-0.0651
122110,-0.0895
122269,-0.0618
122429,-0.068
122577,-0.066
122724,-0.0707
122883,-0.0654
123041,-0.0529
123194,-0.0631
123348,-0.0666
123497,-0.0718
123639,-0.0723
123785,-0.0537
123933,-0.0576
124088,-0.0628
124234,-0.0589
124379,-0.0521
124531,-0.0519
124685,-0.0607
124838,-0.0596
125003,-0.0673
125163,-0.0635
125305,-0.0577
125467,-0.0601
125616,-0.0706
125766,-0.0564
125927,-0.064
126078,-0.0605
126235,-0.0636
126381,-0.0697
126542,-0.0756
126691,-0.0537
126847,-0.0578
127006,-0.0784
127150,-0.0661
127308,-0.0727
127463,-0.0535
127625,-0.0694
127779,-0.0667
127941,-0.0527
128087,-0.0748
128244,-0.0668
128400,-0.0675
128541,-0.0592
128687,-0.0811
128837,-0.0854
128985,-0.059
129135,-0.078
129296,-0.0727
129437,-0.0625
129595,-0.0661
129748,-0.0584
129900,-0.0406
130060,-0.0786
130203,-0.0711
130356,-0.0667
130513,-0.0593
130653,-0.075
130805,-0.07
130955,-0.0726
131092,-0.0642
131231,-0.0481
131377,-0.073
131512,-0.0814
131667,-0.0734
131807,-0.0698
131945,-0.0601
132083,-0.0691
132224,-0.0615
132369,-0.0852
132511,-0.0507
132653,-0.0672
132800,-0.0567
132942,-0.0706
133088,-0.0661
133229,-0.0714
133375,-0.0735
133513,-0.0825
133651,-0.0598
133806,-0.091
133946,-0.0752
134094,-0.0801
134248,-0.0746
134386,-0.0887
134528,-0.0653
134672,-0.0608
134800,-0.0832
134950,-0.0736
135090,-0.0734
135226,-0.0827
135364,-0.0698
135506,-0.0645
135654,-0.0657
135798,-0.0798
135941,-0.0678
136076,-0.0759
136229,-0.0752
136375,-0.0518
136530,-0.0712
136674,-0.06
136823,-0.0679
136979,-0.0853
137124,-0.0747
137270,-0.0763
137410,-0.077
137561,-0.0857
137696,-0.0768
137841,-0.083
137978,-0.0757
138118,-0.081
138266,-0.0651
138411,-0.0638
138557,-0.0504
138710,-0.0617
138847,-0.0601
138990,-0.0728
139139,-0.0751
139280,-0.0706
139417,-0.067
139561,-0.059
139718,-0.063
139869,-0.0743
140013,-0.0696
140163,-0.0709
140299,-0.0653
140439,-0.07
140592,-0.0648
140741,-0.0737
140890,-0.0704
141035,-0.074
141189,-0.0681
141336,-0.0535
141483,-0.0714
141637,-0.0633
141789,-0.0731
141943,-0.0492
142097,-0.0629
142240,-0.0819
142388,-0.0481
142535,-0.0623
142681,-0.062
142831,-0.0643
142975,-0.0579
143127,-0.0707
143269,-0.075
143417,-0.0554
143564,-0.0587
143714,-0.0601
143864,-0.0641
144010,-0.0657
144159,-0.0439
144307,-0.0513
144447,-0.0541
144598,-0.06
144751,-0.0537
144893,-0.0441
145041,-0.0539
145202,-0.0598
145340,-0.0692
145482,-0.0566
145623,-0.0722
145765,-0.0379
145912,-0.05
146064,-0.0461
146217,-0.0553
146355,-0.0634
146506,-0.0707
146664,-0.0717
146811,-0.0556
146960,-0.0654
147109,-0.0572
147251,-0.0725
147400,-0.0708
147543,-0.0711
147689,-0.0626
147837,-0.0716
147979,-0.0692
148140,-0.0665
148295,-0.0539
148444,-0.0673
148589,-0.0632
148725,-0.0746
148866,-0.0481
149013,-0.0714
149159,-0.0637
149314,-0.0605
149459,-0.0513
149607,-0.0534
149752,-0.0625
149894,-0.0733
150039,-0.0545
150181,-0.0723
150331,-0.0526
150475,-0.0814
150614,-0.0661
150764,-0.0664
150908,-0.0661
151058,-0.0576
151207,-0.0686
151356,-0.0529
151498,-0.07
151638,-0.0601
151796,-0.0815
151941,-0.0633
152096,-0.035
152240,-0.0677
152386,-0.0526
152540,-0.0514
152688,-0.0509
152838,-0.0813
152979,-0.0773
153125,-0.0591
153275,-0.063
153422,-0.0574
153576,-0.0462
153721,-0.0792
153871,-0.0646
154025,-0.0515
154172,-0.0671
154325,-0.0531
154475,-0.0672
154625,-0.0519
154775,-0.072
154917,-0.0707
155057,-0.061
155202,-0.0454
155353,-0.0802
155493,-0.0676
155641,-0.065
155781,-0.055
155918,-0.0691
156056,-0.0381
156203,-0.0631
156364,-0.0463
156516,-0.0657
156669,-0.0638
156813,-0.062
156964,-0.0722
157118,-0.0503
157269,-0.0533
157425,-0.0524
157575,-0.0657
157725,-0.0646
157872,-0.0719
158009,-0.0593
158155,-0.0569
158297,-0.0434
158435,-0.0444
158586,-0.0733
158745,-0.0613
158899,-0.054
159047,-0.0644
159198,-0.0667
159328,-0.0646
159467,-0.0716
159618,-0.073
159758,-0.0715
159911,-0.0493
160048,-0.0639
160196,-0.0699
160337,-0.0748
160493,-0.067
160626,-0.0861
160772,-0.0659
160904,-0.083
161045,-0.0742
161189,-0.0712
161327,-0.0828
161465,-0.0547
161613,-0.0811
161758,-0.0794
161896,-0.0769
162048,-0.0715
162191,-0.0561
162334,-0.0709
162471,-0.0755
162614,-0.0752
162780,-0.0651
162931,-0.0609
163078,-0.0441
163209,-0.0592
163351,-0.0425
163493,-0.0541
163627,-0.0728
163764,-0.0607
163902,-0.0489
164048,-0.0744
164188,-0.0751
164315,-0.0802
164460,-0.0765
164606,-0.0738
164749,-0.0786
164880,-0.0781
165020,-0.0777
165155,-0.0669
165290,-0.0785
165437,-0.0741
165584,-0.0608
165732,-0.06
165878,-0.0547
166019,-0.0544
166160,-0.0567
166296,-0.0644
166434,-0.0773
166575,-0.0612
166727,-0.0724
166873,-0.0878
167020,-0.066
167170,-0.0533
167318,-0.0667
167460,-0.067
167606,-0.0725
167758,-0.0652
167916,-0.0659
168059,-0.0639
168201,-0.0591
168344,-0.0718
168487,-0.0679
168629,-0.0662
168779,-0.0575
168918,-0.0612
169061,-0.0688
169212,-0.0556
169350,-0.0549
169487,-0.068
169624,-0.0648
169773,-0.0695
169924,-0.0595
170069,-0.0679
170224,-0.0603
170371,-0.0657
170515,-0.0496
170667,-0.0673
170807,-0.0588
170946,-0.0654
171101,-0.0615
171255,-0.0545
171394,-0.0539
171561,-0.0562
171714,-0.0644
171856,-0.0651
172004,-0.0682
172155,-0.0489
172296,-0.0764
172448,-0.0673
172593,-0.0692
172748,-0.0422
172889,-0.0654
173033,-0.0538
173181,-0.0634
173342,-0.0734
173481,-0.064
173633,-0.0455
173787,-0.0618
173933,-0.0722
174087,-0.0695
174229,-0.0738
174363,-0.0556
174499,-0.0487
174660,-0.0711
174803,-0.0518
174944,-0.0544
175103,-0.0717
175254,-0.0663
175421,-0.0473
175586,-0.0574
175743,-0.0698
175909,-0.072
176062,-0.0581
176209,-0.0667
176361,-0.08
176517,-0.0469
176660,-0.0467
176813,-0.0529
176953,-0.0622
177094,-0.075
177248,-0.0361
177394,-0.063
177546,-0.068
177695,-0.0649
177846,-0.0646
178004,-0.0846
178144,-0.0546
178289,-0.0566
178429,-0.055
178593,-0.0815
178731,-0.0664
178882,-0.0549
179023,-0.0543
179181,-0.0619
179337,-0.0786
179488,-0.0579
179645,-0.072
179798,-0.0509
179955,-0.077
180099,-0.0545
180231,-0.0533
180373,-0.07
180533,-0.0577
180679,-0.0579
180831,-0.05
180988,-0.0559
181132,-0.0714
181287,-0.0607
181442,-0.0768
181606,-0.0557
181748,-0.043
181899,-0.0538
182052,-0.0698
182202,-0.0667
182355,-0.0652
182504,-0.0688
182651,-0.0543
182803,-0.0613
182955,-0.0758
183107,-0.0646
183268,-0.0386
183415,-0.0649
183577,-0.0832
183722,-0.0663
183880,-0.0575
184036,-0.0724
184191,-0.0696
184343,-0.0646
184505,-0.0504
184663,-0.0581
184823,-0.0773
184980,-0.0523
185123,-0.0613
185272,-0.0577
185418,-0.0573
185558,-0.0643
185709,-0.0533
185852,-0.0756
186004,-0.0602
186154,-0.0575
186302,-0.0395
186439,-0.0648
186591,-0.0568
186741,-0.0607
186900,-0.0434
187052,-0.0674
187194,-0.0513
187343,-0.058
187487,-0.0645
187627,-0.0666
187766,-0.0733
187914,-0.0561
188060,-0.0502
188212,-0.0608
188360,-0.0557
188499,-0.0782
188659,-0.0602
188792,-0.0577
188938,-0.0683
189080,-0.0567
189223,-0.0564
189388,-0.0495
189536,-0.062
189695,-0.0565
189854,-0.0495
190009,-0.0849
190162,-0.0598
190308,-0.0683
190462,-0.0625
190611,-0.0627
190750,-0.059
190892,-0.052
191052,-0.0518
191197,-0.0506
191351,-0.0643
191501,-0.0761
191644,-0.0447
191785,-0.0515
191929,-0.058
192066,-0.066
192222,-0.0409
192359,-0.0417
192508,-0.0457
192654,-0.0481
192800,-0.0409
192946,-0.052
193092,-0.0499
193239,-0.0666
193385,-0.054
193533,-0.0682
193677,-0.0812
193826,-0.0569
193975,-0.0529
194116,-0.0353
194273,-0.0573
194418,-0.0603
194588,-0.0668
194724,-0.0594
194875,-0.0453
195009,-0.0699
195160,-0.0768
195309,-0.0656
195448,-0.057
195603,-0.0543
195744,-0.0521
195894,-0.0615
196046,-0.0666
196195,-0.0513
196330,-0.0432
196480,-0.0593
196630,-0.0516
196771,-0.0519
196914,-0.0615
197057,-0.0501
197206,-0.0648
197367,-0.0473
197511,-0.0534
197669,-0.0659
197811,-0.0507
197967,-0.0762
198111,-0.0472
198246,-0.0577
198385,-0.0522
198537,-0.0641
198694,-0.0643
198846,-0.055
198984,-0.0497
199133,-0.0502
199290,-0.0615
199444,-0.0444
199587,-0.068
199730,-0.065
199869,-0.0577
200022,-0.0504
200180,-0.0534
200328,-0.0744
200473,-0.0489
200620,-0.0541
200757,-0.0694
200905,-0.0701
201037,-0.0541
201181,-0.0573
201330,-0.0479
201472,-0.0699
201614,-0.0692
201761,-0.0799
201911,-0.0564
202060,-0.0702
202205,-0.0603
202351,-0.061
202500,-0.0515
202653,-0.0653
202809,-0.0634
202949,-0.0605
203094,-0.0512
203239,-0.0498
203386,-0.0603
203536,-0.0552
203677,-0.0675
203827,-0.0536
203975,-0.075
204117,-0.0603
204259,-0.0462
204411,-0.0526
204577,-0.0601
204717,-0.0694
204869,-0.0613
205020,-0.0614
205164,-0.0386
205306,-0.0441
205458,-0.061
205611,-0.0624
205755,-0.0585
205902,-0.0652
206058,-0.0386
206207,-0.0507
206369,-0.0715
206516,-0.0564
206661,-0.0516
206813,-0.0495
206951,-0.0572
207103,-0.0535
207245,-0.0457
207393,-0.0641
207532,-0.055
207670,-0.0441
207828,-0.0777
207969,-0.0675
208115,-0.0515
208263,-0.0581
208409,-0.0392
208552,-0.0694
208704,-0.0684
208844,-0.0624
208992,-0.0518
209137,-0.0687
209283,-0.047
209433,-0.0574
209576,-0.0621
209721,-0.0653
209886,-0.0671
210032,-0.0503
210186,-0.0496
210340,-0.0643
210485,-0.0601
210650,-0.0525
210794,-0.0595
210943,-0.0669
211091,-0.0584
211233,-0.0795
211378,-0.0602
211528,-0.0682
211675,-0.0527
211832,-0.0454
211982,-0.0535
212127,-0.0691
212284,-0.0728
212435,-0.066
212585,-0.044
212738,-0.0442
212889,-0.0468
213032,-0.0422
213190,-0.0716
213342,-0.0538
213491,-0.0629
213634,-0.063
213776,-0.068
213930,-0.0494
214069,-0.0601
214202,-0.0615
214349,-0.0634
214492,-0.0647
214622,-0.0737
214760,-0.0667
214912,-0.0574
215049,-0.0502
215192,-0.0707
215345,-0.0442
215486,-0.0624
215625,-0.0654
215769,-0.0691
215911,-0.0784
216066,-0.0636
216213,-0.0488
216361,-0.0449
216510,-0.0496
216654,-0.0451
216799,-0.082
216945,-0.0497
217106,-0.0614
217247,-0.0854
217397,-0.0671
217543,-0.0568
217686,-0.0588
217833,-0.0567
217972,-0.0464
218128,-0.0746
218284,-0.0652
218429,-0.0501
218572,-0.0484
218723,-0.0627
218868,-0.0601
219015,-0.0548
219161,-0.0558
219300,-0.0578
219454,-0.0574
219613,-0.0572
219756,-0.0435
219910,-0.0532
220054,-0.0645
220210,-0.0504
220359,-0.0602
220502,-0.0451
220646,-0.0457
220796,-0.0695
220948,-0.0636
221096,-0.0662
221242,-0.0491
221399,-0.0449
221553,-0.0602
221710,-0.054
221852,-0.0527
222005,-0.0606
222148,-0.0593
222294,-0.0626
222453,-0.0556
222616,-0.0323
222756,-0.0623
222912,-0.0641
223066,-0.0717
223220,-0.059
223363,-0.0609
223515,-0.0384
223654,-0.0507
223795,-0.0562
223943,-0.0506
224096,-0.0522
224249,-0.0636
224401,-0.0686
224543,-0.0751
224694,-0.0582
224836,-0.071
224973,-0.0671
225110,-0.0557
225258,-0.0536
225404,-0.0522
225560,-0.0583
225707,-0.0645
225847,-0.0528
226002,-0.0647
226149,-0.0474
226305,-0.0581
226451,-0.042
226604,-0.0524
226760,-0.0581
226910,-0.0653
227062,-0.0643
227211,-0.0688
227368,-0.0398
227506,-0.0578
227653,-0.0493
227792,-0.0693
227935,-0.0698
228070,-0.0674
228224,-0.0523
228380,-0.0533
228529,-0.0544
228670,-0.0582
228825,-0.0567
228984,-0.048
229135,-0.0545
229284,-0.0638
229436,-0.0558
229596,-0.065
229750,-0.063
229898,-0.0475
230053,-0.0518
230189,-0.0608
230325,-0.0514
230482,-0.0694
230638,-0.0664
230790,-0.0551
230940,-0.0445
231084,-0.0671
231235,-0.0604
231377,-0.0479
231527,-0.0602
231672,-0.0564
231810,-0.058
231959,-0.0425
232115,-0.0519
232269,-0.0542
232415,-0.064
232561,-0.0567
232704,-0.0552
232860,-0.063
233008,-0.0605
233155,-0.0558
233300,-0.0742
233444,-0.0605
233596,-0.0544
233741,-0.0597
233881,-0.0541
234041,-0.055
234191,-0.0705
234344,-0.0563
234493,-0.0628
234649,-0.0617
234791,-0.075
234940,-0.0578
235080,-0.0564
235227,-0.0491
235379,-0.0591
235526,-0.0731
235667,-0.0643
235803,-0.0568
235949,-0.0713
236101,-0.0634
236248,-0.0668
236390,-0.0665
236537,-0.0747
236699,-0.0445
236851,-0.0551
237000,-0.0778
237141,-0.0441
237287,-0.0518
237417,-0.0497
237564,-0.0623
237716,-0.0584
237875,-0.0598
238020,-0.0578
238165,-0.0678
238307,-0.0798
238445,-0.0624
238595,-0.0497
238741,-0.0698
238890,-0.0623
239030,-0.0596
239173,-0.0509
239316,-0.0496
239451,-0.06
239604,-0.0365
239758,-0.0482
239903,-0.0414
240046,-0.0662
240202,-0.0657
240347,-0.0457
240504,-0.0496
240656,-0.0712
240790,-0.0567
240943,-0.0849
241100,-0.0586
241254,-0.0677
241409,-0.0664
241555,-0.0414
241703,-0.069
241847,-0.0693
241992,-0.0773
242140,-0.0633
242295,-0.0603
242444,-0.0516
242590,-0.0723
242741,-0.062
242895,-0.064
243049,-0.0638
243201,-0.0769
243352,-0.0544
243493,-0.0742
243632,-0.0768
243781,-0.0529
243931,-0.047
244078,-0.074
244226,-0.04
244370,-0.0713
244516,-0.0707
244670,-0.0617
244818,-0.0617
244968,-0.0597
245120,-0.0478
245261,-0.0562
245409,-0.0739
245564,-0.0557
245715,-0.0495
245865,-0.0636
246028,-0.0524
246167,-0.0659
246314,-0.0482
246460,-0.048
246608,-0.0555
246757,-0.0641
246894,-0.0649
247044,-0.0789
247197,-0.0514
247341,-0.0768
247488,-0.0696
247642,-0.0685
247779,-0.0646
247926,-0.0622
248085,-0.0675
248231,-0.054
248386,-0.0451
248531,-0.0474
248687,-0.0585
248836,-0.0508
248982,-0.0685
249112,-0.073
249260,-0.0695
249409,-0.0642
249553,-0.0871
249704,-0.0516
249850,-0.0572
249996,-0.0567
250138,-0.0687
250292,-0.0676
250449,-0.048
250600,-0.0416
250755,-0.0661
250902,-0.0744
251039,-0.0527
251184,-0.06
251324,-0.0611
251465,-0.0767
251619,-0.0522
251763,-0.0636
251904,-0.0512
252051,-0.0696
252191,-0.05
252328,-0.0548
252464,-0.0761
252611,-0.058
252750,-0.0693
252890,-0.0714
253036,-0.0465
253173,-0.0454
253312,-0.0373
253459,-0.0579
253606,-0.0544
253756,-0.0568
253901,-0.0648
254049,-0.0499
254197,-0.0646
254346,-0.0577
254487,-0.0554
254627,-0.0529
254769,-0.0504
254912,-0.069
255053,-0.0569
255194,-0.0611
255341,-0.0512
255483,-0.0612
255617,-0.0476
255763,-0.0684
255913,-0.0478
256069,-0.0685
256218,-0.0643
256383,-0.0653
256532,-0.0625
256684,-0.0604
256819,-0.0636
256968,-0.0616
257116,-0.0689
257269,-0.0476
257407,-0.0471
257564,-0.0636
257711,-0.0571
257863,-0.056
258008,-0.0729
258151,-0.0628
258305,-0.0647
258453,-0.0539
258607,-0.0776
258746,-0.0375
258901,-0.0637
259044,-0.0557
259187,-0.0755
259345,-0.0514
259481,-0.0659
259642,-0.057
259785,-0.0532
259939,-0.06
260087,-0.0465
260239,-0.064
260384,-0.066
260539,-0.0764
260690,-0.0726
260838,-0.0538
260997,-0.0489
261150,-0.0483
261311,-0.0624
261458,-0.0682
261602,-0.0561
261750,-0.0451
261885,-0.0458
262033,-0.0471
262191,-0.052
262349,-0.0643
262492,-0.0472
262638,-0.0687
262789,-0.0749
262923,-0.0548
263071,-0.0696
263229,-0.0666
263388,-0.0564
263537,-0.0487
263689,-0.0476
263840,-0.0438
263995,-0.0619
264152,-0.0464
264288,-0.0638
264440,-0.0548
264587,-0.0518
264729,-0.0629
264887,-0.0663
265047,-0.0691
265186,-0.0458
265344,-0.066
265494,-0.0665
265651,-0.0504
265796,-0.0598
265942,-0.0538
266095,-0.0727
266239,-0.0487
266383,-0.0449
266536,-0.0625
266695,-0.0618
266856,-0.0567
266998,-0.0363
267142,-0.051
267289,-0.046
267426,-0.0472
267575,-0.0685
267726,-0.0648
267878,-0.0706
268023,-0.0715
268168,-0.0515
268333,-0.0499
268489,-0.0464
268638,-0.0431
268782,-0.0541
268933,-0.064
269088,-0.0475
269238,-0.0528
269390,-0.0564
269534,-0.0467
269678,-0.0513
269825,-0.0373
269982,-0.0641
270131,-0.0657
270270,-0.0583
270415,-0.0605
270563,-0.0808
270716,-0.0563
270866,-0.0685
